img, name, likes
http://img.wine21.com/WINE_MST/TITLE/0167000/W0167827.png?452747,   트리풀라 피에몬테 로쏘   ,0
http://img.wine21.com/WINE_MST/TITLE/0167000/W0167826.png?924737,   아케시 로사토 브뤼   ,0
http://img.wine21.com/WINE_MST/TITLE/0167000/W0167791.png?353710,   엘리자베스 로제 샤도네이   ,0
http://img.wine21.com/WINE_MST/TITLE/0167000/W0167784.png?826133,   레이디 그레이삭   ,0
http://img.wine21.com/WINE_MST/TITLE/0167000/W0167783.png?642854,   도멘 앙리 샤블리 프리미에 크뤼 ‘푸흐숌므’   ,0
http://img.wine21.com/WINE_MST/TITLE/0167000/W0167782.png?795622,   도멘 앙리 샤블리 프리미에 크뤼 ‘트호엠므’   ,0
http://img.wine21.com/WINE_MST/TITLE/0167000/W0167781.png?407057,   도멘 앙리 샤블리 ‘쌩 삐에흐’   ,0
http://img.wine21.com/WINE_MST/TITLE/0167000/W0167780.png?369168,   도멘 앙리 821 블랑 드 블랑 브뤼   ,0
http://img.wine21.com/WINE_MST/TITLE/0167000/W0167779.png?367355,   샤또 라 로즈 몽비엘   ,0
http://img.wine21.com/WINE_MST/TITLE/0167000/W0167778.png?823770,   레어 빈야드 마르산느 비오니에   ,0
http://img.wine21.com/WINE_MST/TITLE/0167000/W0167777.png?418328,   레어 빈야드 까버네 멜롯   ,0
http://img.wine21.com/WINE_MST/TITLE/0167000/W0167776.png?009974,   빌라 파니 토스카나 로쏘    ,0
http://img.wine21.com/WINE_MST/TITLE/0167000/W0167753.png?006417,   포르투 발도우로 화이트 포트   ,0
http://img.wine21.com/WINE_MST/TITLE/0167000/W0167752.png?548106,   포르투 발도우로 토니 포트   ,0
http://img.wine21.com/WINE_MST/TITLE/0167000/W0167751.png?993915,   토로 셀렉시옹 시라 말벡   ,0
http://img.wine21.com/WINE_MST/TITLE/0167000/W0167750.png?558933,   토로 셀렉시옹 말벡   ,0
http://img.wine21.com/WINE_MST/TITLE/0167000/W0167749.png?038954,   토로 셀렉시옹 슈냉 또론테스   ,0
http://img.wine21.com/WINE_MST/TITLE/0167000/W0167737.png?304774,   샤또 바라드   ,0
http://img.wine21.com/WINE_MST/TITLE/0167000/W0167733.png?225024,   투보틀 샤르도네   ,0
http://img.wine21.com/WINE_MST/TITLE/0167000/W0167730.png?256710,   세코야 그로브 나파 밸리 샤도네이   ,0
http://img.wine21.com/WINE_MST/TITLE/0167000/W0167728.png?848185,   세코야 그로브 나파밸리 카베르네 소비뇽   ,0
http://img.wine21.com/WINE_MST/TITLE/0167000/W0167727.png?275247,   사이클즈 글래디에이터 진판델   ,0
http://img.wine21.com/WINE_MST/TITLE/0167000/W0167723.png?273817,   와이너리 온 데뮤에르떼 디럭스   ,0
http://img.wine21.com/WINE_MST/TITLE/0167000/W0167722.png?947608,   와이너리 온 데뮤에르떼 화이트   ,0
http://img.wine21.com/WINE_MST/TITLE/0167000/W0167721.png?363945,   와이너리 온 데뮤에르떼 원   ,0
http://img.wine21.com/WINE_MST/TITLE/0167000/W0167720.png?986119,   제이씨스 오운 오리지날레   ,0
http://img.wine21.com/WINE_MST/TITLE/0167000/W0167719.png?718416,   몬테스 알파 카버네 소비뇽 한글 레이블   ,0
http://img.wine21.com/WINE_MST/TITLE/0167000/W0167718.png?049561,   버블 넘버원 반빈 에디션   ,0
http://img.wine21.com/WINE_MST/TITLE/0167000/W0167717.png?600580,   로쉐 마제 생쏘 그르나슈   ,0
http://img.wine21.com/WINE_MST/TITLE/0167000/W0167716.png?143563,   로쉐 마제 소비뇽   ,0
http://img.wine21.com/WINE_MST/TITLE/0167000/W0167715.png?787996,   오차가비아 실베스트레 메를로   ,0
http://img.wine21.com/WINE_MST/TITLE/0167000/W0167649.png?039618,   맥기건 블랙 라벨 레드   ,0
http://img.wine21.com/WINE_MST/TITLE/0167000/W0167648.png?441504,   맥기건 블랙 라벨 모스카토   ,0
http://img.wine21.com/WINE_MST/TITLE/0167000/W0167647.png?346575,   맥기건 블랙 라벨 스파클링 샤도네이 피노누아   ,0
http://img.wine21.com/WINE_MST/TITLE/0167000/W0167646.png?050949,   안델루나 라이시스 말벡  , 0
http://img.wine21.com/WINE_MST/TITLE/0167000/W0167644.png?434298,   버메스터 타우니 포트  , 0
http://img.wine21.com/WINE_MST/TITLE/0167000/W0167643.png?722145,   토레 오리아 세뇨리오 드 세고르베 그랑 레제르바   ,0
http://img.wine21.com/WINE_MST/TITLE/0167000/W0167642.png?512029,   펠릭스 솔리스 FYI 레드 블렌드   ,0
http://img.wine21.com/WINE_MST/TITLE/0167000/W0167639.png?233738,   깐띠네 첼라로 솔레아 네로 다볼라   ,0
http://img.wine21.com/WINE_MST/TITLE/0166000/W0166951.jpg?795527,   수토르 샤도네이   ,0
http://img.wine21.com/WINE_MST/TITLE/0166000/W0166950.jpg?887517,   수토르 소비뇽 블랑   ,0
http://img.wine21.com/WINE_MST/TITLE/0166000/W0166949.jpg?583251,   타마랄 리제르바   ,0
http://img.wine21.com/WINE_MST/TITLE/0166000/W0166948.jpg?133101,   타마랄 크리안자   ,0
http://img.wine21.com/WINE_MST/TITLE/0166000/W0166947.jpg?962341,   타마랄 로블   ,0
http://img.wine21.com/WINE_MST/TITLE/0166000/W0166946.jpg?935524,   탈라몬티 꼴레 꼬르비아노 몬테풀치아노   ,0
http://img.wine21.com/WINE_MST/TITLE/0166000/W0166945.jpg?829514,   빌라 아 세스타 끼안티 클라시코 그랑 셀레지오네 소를레오네 DOCG   ,0
http://img.wine21.com/WINE_MST/TITLE/0166000/W0166944.jpg?022845,   빌라 아 세스타 바스 토스카나 IGT   ,0
http://img.wine21.com/WINE_MST/TITLE/0166000/W0166943.jpg?671202,   빌라 아 세스타 끼안티 클라시코 리제르바 DOCG   ,0
http://img.wine21.com/WINE_MST/TITLE/0166000/W0166942.jpg?113914,   빌라 아 세스타 끼안티 클라시코 일 빨레이 DOCG   ,0
http://img.wine21.com/WINE_MST/TITLE/0166000/W0166941.jpg?968332,   빌라 아 세스타 리빨텔라 끼안티 수페리오레 DOCG   ,0
http://img.wine21.com/WINE_MST/TITLE/0166000/W0166652.jpg?460498,   몬탈토 에스테이트 피노 누아   ,0
http://img.wine21.com/WINE_MST/TITLE/0166000/W0166651.jpg?723398,   몬탈토, 페논 힐 피노 누아   0
http://img.wine21.com/WINE_MST/TITLE/0166000/W0166649.jpg?509233,   레드헤즈 스튜디오, 블루 벨 샤르도네   ,0
http://img.wine21.com/WINE_MST/TITLE/0166000/W0166648.jpg?068645,   빈디빈 카발리에 블랑   ,0
http://img.wine21.com/WINE_MST/TITLE/0166000/W0166647.jpg?688838,   빈디빈 카발리에 루즈   ,0
http://img.wine21.com/WINE_MST/TITLE/0166000/W0166645.jpg?353194,   샤또 르 코인, 소비뇽 그리   0
http://img.wine21.com/WINE_MST/TITLE/0166000/W0166640.jpg?882029,   칸티나 꼴리 에오가네이 모스카토 스푸만테 돌체   ,0
http://img.wine21.com/WINE_MST/TITLE/0166000/W0166637.jpg?716711,   르 꼰떼쎄 스푸만테 뀌베 엑스트라 드라이   ,0
http://img.wine21.com/WINE_MST/TITLE/0166000/W0166636.jpg?355782,   르 꼰떼쎄 라보소 로제 스푸만테 브뤼   ,0
http://img.wine21.com/WINE_MST/TITLE/0166000/W0166635.jpg?421947,   보데가스 이시드로 밀라그로 칼리 칸토 템프라니요 로블   ,0
http://img.wine21.com/WINE_MST/TITLE/0166000/W0166634.jpg?852874,   보데가스 이시드로 밀라그로 칼리 칸토 베르데호   ,0
http://img.wine21.com/WINE_MST/TITLE/0166000/W0166633.jpg?461285,   코코모 러시안 리버 밸리 피터스 빈야드 샤르도네   ,0
http://img.wine21.com/WINE_MST/TITLE/0166000/W0166630.jpg?093417,   리버비 싱글 빈야드 피노 누아   ,0
http://img.wine21.com/WINE_MST/TITLE/0166000/W0166629.jpg?767698,   리버비 싱글 빈야드 소비뇽 블랑   ,0
http://img.wine21.com/WINE_MST/TITLE/0166000/W0166628.jpg?269053,   리버비 싱글 빈야드 샤르도네   ,0
http://img.wine21.com/WINE_MST/TITLE/0166000/W0166627.jpg?135528,   리버비 싱글 빈야드 노블 리슬링   ,0
http://img.wine21.com/WINE_MST/TITLE/0166000/W0166601.jpg?337459,   팍스톤 게서 레드   ,0
http://img.wine21.com/WINE_MST/TITLE/0166000/W0166598.jpg?954417,   티스웰 히스필드 베르멘티노   ,0
http://img.wine21.com/WINE_MST/TITLE/0166000/W0166582.jpg?287777 ,  샤또 라그랑쥬 몽바동   ,0
http://img.wine21.com/WINE_MST/TITLE/0166000/W0166580.jpg?349467,   샤또 드 로쉐   ,0
http://img.wine21.com/WINE_MST/TITLE/0166000/0166579.jpg?992969,   도멘 프리 바론 투랜느 피노 누아   ,0